,Freq='1.71GHz' Phi='0deg',Freq='1.77GHz' Phi='0deg',Freq='1.83GHz' Phi='0deg',Freq='1.885GHz' Phi='0deg',Freq='1.9GHz' Phi='0deg',Freq='1.915GHz' Phi='0deg',Freq='2.01GHz' Phi='0deg',Freq='2.018GHz' Phi='0deg',Freq='2.025GHz' Phi='0deg',Freq='2.575GHz' Phi='0deg',Freq='2.6GHz' Phi='0deg',Freq='2.635GHz' Phi='0deg'
-180,-16.05767207,-16.66753774,-17.09408498,-18.63379834,-19.07262878,-19.34708538,-18.9867584,-18.88999015,-18.74550543,-19.78448321,-18.97572728,-17.85698287
-179,-16.14983905,-17.09382669,-17.46675444,-18.75764178,-19.11963844,-19.3403937,-19.64890476,-19.53824615,-19.36709626,-19.33529868,-18.51012303,-17.61099731
-178,-16.28170219,-17.56477801,-17.71859698,-18.85399448,-19.21531874,-19.48753632,-20.23987861,-20.08348276,-19.87057148,-19.1056764,-18.46524479,-17.48962327
-177,-16.4025209,-18.00742899,-17.90397769,-19.10705675,-19.53513935,-19.91341427,-20.63818708,-20.47379326,-20.25803803,-19.27569441,-18.2809318,-16.80636828
-176,-16.47752583,-18.40796679,-18.17676206,-19.6009583,-20.09737127,-20.54004683,-21.03020815,-20.93045295,-20.76449795,-18.93210386,-17.21835595,-15.76926117
-175,-16.51580205,-18.83700453,-18.64212159,-20.24186164,-20.72858405,-21.11347549,-21.7208616,-21.72477558,-21.62420693,-17.55669938,-15.84092575,-15.07418779
-174,-16.56527513,-19.38880865,-19.2458954,-20.79021117,-21.17167895,-21.41975479,-22.86125241,-22.94081994,-22.86082768,-16.06488269,-14.92659449,-14.91135447
-173,-16.67677752,-20.07859725,-19.75640253,-21.0689248,-21.35736137,-21.55089111,-24.2898303,-24.33410408,-24.16878736,-15.12629628,-14.61948222,-15.04423277
-172,-16.8654092,-20.75762304,-19.92972401,-21.18090404,-21.50315083,-21.80220774,-25.49750874,-25.37827068,-25.05250074,-14.79391191,-14.74155531,-15.22117213
-171,-17.09205705,-21.13692572,-19.7858909,-21.38604881,-21.86220828,-22.36564522,-26.1265034,-25.86912098,-25.44908741,-14.93436158,-15.1044671,-15.40820093
-170,-17.27750287,-21.04077983,-19.57204025,-21.82202451,-22.4872181,-23.17513637,-26.53347182,-26.23584087,-25.79705634,-15.41881023,-15.57784822,-15.55632716
-169,-17.35275565,-20.62205825,-19.46213968,-22.37052127,-23.16189132,-23.90939698,-27.15042491,-26.77137867,-26.27198001,-16.04222285,-15.92720252,-15.45618991
-168,-17.31419484,-20.15338085,-19.40911532,-22.71014911,-23.53762735,-24.266797,-27.70000205,-27.07988107,-26.44100099,-16.399712,-15.88746418,-15.12730985
-167,-17.22530021,-19.75114313,-19.21258168,-22.6378361,-23.5297103,-24.36243509,-27.3553306,-26.54161677,-25.85339317,-16.26207816,-15.60846079,-14.89370287
-166,-17.16026024,-19.34388455,-18.74080332,-22.33493254,-23.42801997,-24.55665047,-26.17140343,-25.43857311,-24.86658219,-16.00171804,-15.48675546,-14.85108914
-165,-17.14602915,-18.79920673,-18.09310989,-22.10946922,-23.49977041,-24.98868551,-25.02107311,-24.47674624,-24.05814046,-16.01909224,-15.53641961,-14.67350297
-164,-17.1424568,-18.08654372,-17.48047766,-22.0699618,-23.7191201,-25.3959966,-24.29883506,-23.88530375,-23.56293141,-16.12795004,-15.30978947,-14.14986397
-163,-17.06789294,-17.31804122,-17.03298414,-22.08434735,-23.80901519,-25.34149596,-23.8380793,-23.44464474,-23.13738171,-15.75080408,-14.63806143,-13.61417525
-162,-16.86121018,-16.64146827,-16.74517025,-21.94028085,-23.56038002,-24.8332885,-23.24319523,-22.80835955,-22.48320591,-14.91427336,-14.00617048,-13.42482569
-161,-16.53530918,-16.14018158,-16.52003578,-21.59945838,-23.13371892,-24.34713864,-22.33624467,-21.90907787,-21.60786024,-14.26419108,-13.81297472,-13.5124382
-160,-16.16789792,-15.81108647,-16.25699735,-21.25359894,-22.86410671,-24.23227844,-21.34327422,-21.00326141,-20.77660261,-14.13600224,-13.94781284,-13.50922846
-159,-15.84494209,-15.58808479,-15.93699662,-21.11475965,-22.92676557,-24.4596203,-20.55805233,-20.33173876,-20.18938433,-14.3213445,-13.95905759,-13.27945357
-158,-15.61595096,-15.38675008,-15.63021254,-21.23908625,-23.21282701,-24.60745689,-20.07872105,-19.93633277,-19.84825819,-14.32793366,-13.65825615,-13.09602696
-157,-15.48381695,-15.15663884,-15.42473235,-21.47212893,-23.33496026,-24.14978823,-19.80452755,-19.68505894,-19.60189231,-14.00923946,-13.37569057,-13.12872151
-156,-15.41821709,-14.90858789,-15.35593557,-21.50320178,-22.9197296,-23.12918226,-19.53474542,-19.38714055,-19.275438,-13.72574213,-13.37063561,-13.15007169
-155,-15.37965414,-14.69327209,-15.38113738,-21.12201986,-22.06682031,-22.05307975,-19.13234667,-18.9564264,-18.82517824,-13.71372297,-13.45180006,-12.87345979
-154,-15.34321168,-14.55453042,-15.39960759,-20.45197866,-21.17821924,-21.25532427,-18.63988183,-18.47522906,-18.35668355,-13.76866765,-13.23821573,-12.46290859
-153,-15.30930302,-14.4963393,-15.31446842,-19.77366067,-20.5074086,-20.77058699,-18.20190845,-18.07819165,-17.98921453,-13.53678392,-12.77351271,-12.2904619
-152,-15.29528442,-14.47827063,-15.10248655,-19.25441679,-20.07324546,-20.4533951,-17.91004867,-17.81799236,-17.74324928,-13.07412006,-12.47569445,-12.407363
-151,-15.31624188,-14.43755635,-14.82248974,-18.89637504,-19.75297791,-20.10927373,-17.7340366,-17.62916172,-17.52996346,-12.76664941,-12.55399572,-12.43154413
-150,-15.36957334,-14.32739643,-14.5550606,-18.60227535,-19.39977136,-19.64204315,-17.54870931,-17.3811541,-17.22452754,-12.80641613,-12.77595308,-11.97641431
-149,-15.4324261,-14.14557485,-14.34309294,-18.27049574,-18.95804565,-19.11912189,-17.23201795,-16.98781538,-16.77572379,-12.99897369,-12.65414633,-11.22450359
-148,-15.47285175,-13.92826087,-14.17622367,-17.87735359,-18.49488346,-18.68135824,-16.77015764,-16.48115099,-16.24585236,-12.92688228,-12.0561719,-10.61095279
-147,-15.46805274,-13.71716735,-14.01251482,-17.48595977,-18.12258488,-18.42382798,-16.25628331,-15.96599473,-15.73909454,-12.43589288,-11.35880015,-10.30886652
-146,-15.41697397,-13.53077577,-13.81666599,-17.18384348,-17.9117519,-18.34986254,-15.79369947,-15.52390417,-15.3160218,-11.80504039,-10.8796115,-10.21994255
-145,-15.33715528,-13.35742131,-13.58908651,-17.02142842,-17.85867097,-18.38067418,-15.42258347,-15.16683764,-14.96807861,-11.31524785,-10.64316996,-10.17561977
-144,-15.24874787,-13.1688044,-13.36507987,-16.98980719,-17.89485737,-18.39869719,-15.11364787,-14.84993677,-14.64256031,-11.01487097,-10.52204089,-10.13200099
-143,-15.15817664,-12.94314002,-13.189489,-17.03026834,-17.92434296,-18.31937877,-14.80447023,-14.51510121,-14.28918258,-10.82048048,-10.43351191,-10.18251179
-142,-15.05160712,-12.68257973,-13.09058814,-17.06590682,-17.88039169,-18.14692202,-14.44960942,-14.13587497,-13.89744257,-10.68131535,-10.42348356,-10.39925309
-141,-14.90111666,-12.4131954,-13.06832824,-17.04556337,-17.76626788,-17.95643355,-14.05181655,-13.73245089,-13.49823879,-10.64399682,-10.57780301,-10.71487222
-140,-14.68019137,-12.17006944,-13.09755524,-16.9726074,-17.64120762,-17.82594283,-13.65222516,-13.3492549,-13.13481386,-10.78184978,-10.8923716,-10.95937278
-139,-14.37954912,-11.98038556,-13.14186288,-16.89343055,-17.56885905,-17.78601108,-13.29554461,-13.02151066,-12.83307708,-11.09268573,-11.2338346,-11.03282731
-138,-14.01276563,-11.8540597,-13.17210869,-16.85889472,-17.57620686,-17.80962762,-13.00288351,-12.75698212,-12.590543,-11.46111223,-11.43478152,-11.0153551
-137,-13.60872278,-11.78330093,-13.18025918,-16.89214527,-17.64246478,-17.83232189,-12.76573389,-12.53765383,-12.38341716,-11.72394174,-11.46039437,-11.0512197
-136,-13.19816566,-11.74859466,-13.18004666,-16.97823059,-17.71302795,-17.79158258,-12.55656554,-12.33436748,-12.18368769,-11.81266985,-11.43305708,-11.18493065
-135,-12.80353728,-11.72808712,-13.19507636,-17.07348171,-17.73070921,-17.66583107,-12.3470582,-12.12510831,-11.97631248,-11.8112103,-11.47954046,-11.32962423
-134,-12.43560659,-11.70688677,-13.24364141,-17.12893859,-17.66959634,-17.48354797,-12.1242309,-11.90704023,-11.76691515,-11.84519534,-11.61255917,-11.36498963
-133,-12.0953462,-11.68239017,-13.32888678,-17.11735031,-17.54772156,-17.296934,-11.89587824,-11.6960464,-11.57662951,-11.95878614,-11.73911915,-11.27057171
-132,-11.77814801,-11.66338514,-13.43726931,-17.04653754,-17.40930082,-17.14738995,-11.68377084,-11.51632795,-11.42977706,-12.09446452,-11.75903795,-11.1430633
-131,-11.47809013,-11.66420625,-13.54438782,-16.94962374,-17.29495578,-17.04705193,-11.51137591,-11.3884013,-11.3429006,-12.15998127,-11.66661716,-11.08837636
-130,-11.19091573,-11.6976266,-13.62548259,-16.86234659,-17.22205485,-16.97923886,-11.39411417,-11.32172924,-11.31950586,-12.12113189,-11.54727592,-11.13135388
-129,-10.91523132,-11.76969093,-13.66603896,-16.80472781,-17.18128555,-16.91125713,-11.33544566,-11.31311861,-11.35026209,-12.0315141,-11.48650348,-11.20745492
-128,-10.65215866,-11.87772195,-13.66702977,-16.77488328,-17.14531515,-16.81259095,-11.32788219,-11.34924578,-11.41680969,-11.97414125,-11.50119924,-11.21794622
-127,-10.40413914,-12.0112542,-13.64215886,-16.75346709,-17.08394012,-16.67023173,-11.35681472,-11.41139887,-11.49746137,-11.99027866,-11.53541592,-11.11093499
-126,-10.1736542,-12.15510644,-13.60970277,-16.71461684,-16.97922362,-16.49309986,-11.40535992,-11.48087289,-11.57319223,-12.05320395,-11.5048561,-10.92108816
-125,-9.962365656,-12.2935974,-13.584214,-16.63863817,-16.83317294,-16.30433022,-11.45881847,-11.54355658,-11.63215571,-12.08735179,-11.36100062,-10.73224008
-124,-9.770823111,-12.41463539,-13.57174557,-16.52077313,-16.66437965,-16.12843873,-11.50761732,-11.59243968,-11.67130771,-12.01804818,-11.12588546,-10.61456492
-123,-9.598621397,-12.51230632,-13.56929423,-16.3719334,-16.49749179,-15.98143271,-11.54814042,-11.62752846,-11.69496316,-11.82275767,-10.86846777,-10.59214791
-122,-9.444780124,-12.58709979,-13.56742007,-16.21222367,-16.35283751,-15.86706044,-11.58167628,-11.65376038,-11.71150654,-11.54210577,-10.65571986,-10.64328263
-121,-9.308129535,-12.64398583,-13.55452229,-16.06218343,-16.24070026,-15.77823588,-11.61237995,-11.67820076,-11.72997592,-11.24555013,-10.52263701,-10.71710155
-120,-9.187564077,-12.6894819,-13.52120037,-15.93633668,-16.16053105,-15.70149937,-11.64525215,-11.70767913,-11.75768745,-10.99106476,-10.46813938,-10.75755479
-119,-9.082118061,-12.72902087,-13.46326121,-15.84062126,-16.10345532,-15.62258407,-11.68474605,-11.7473921,-11.79917392,-10.80694498,-10.46447762,-10.72781395
-118,-8.990893158,-12.76542914,-13.38249837,-15.77296656,-16.05640517,-15.53136667,-11.73410907,-11.8004136,-11.856123,-10.69293157,-10.47140347,-10.62383398
-117,-8.912908834,-12.79866445,-13.28535198,-15.72567435,-16.00657589,-15.42472854,-11.79525372,-11.86778496,-11.92785107,-10.6291715,-10.45153103,-10.46966588
-116,-8.846953134,-12.82652057,-13.18041494,-15.68850032,-15.94507805,-15.30663939,-11.86888276,-11.94886188,-12.01195493,-10.58666162,-10.3831272,-10.30061574
-115,-8.79149223,-12.84583445,-13.07595943,-15.65164063,-15.86887426,-15.18597106,-11.95467169,-12.0417167,-12.10494933,-10.53708179,-10.26546249,-10.14716052
-114,-8.744667125,-12.85373828,-12.97825618,-15.60800848,-15.78066481,-15.07338295,-12.05142516,-12.14351576,-12.20282304,-10.46062916,-10.11488749,-10.02669092
-113,-8.704376466,-12.84860176,-12.89088557,-15.55438436,-15.68716698,-14.97858792,-12.15720798,-12.25086492,-12.301507,-10.35008603,-9.955333494,-9.942362118
-112,-8.668422691,-12.83047199,-12.81485103,-15.49135112,-15.59673988,-14.90867414,-12.2694861,-12.360139,-12.39726057,-10.21017516,-9.809116712,-9.885790964
-111,-8.634687141,-12.8010008,-12.74917261,-15.42229776,-15.51726406,-14.86751081,-12.38530928,-12.46780033,-12.48697043,-10.05328718,-9.691467315,-9.841297847
-110,-8.601297884,-12.76299934,-12.6916659,-15.35200354,-15.45476736,-14.8559293,-12.50154224,-12.57069007,-12.56834481,-9.894098054,-9.608871558,-9.790638398
-109,-8.566760092,-12.71982968,-12.63969535,-15.28529775,-15.41284959,-14.87232204,-12.61512338,-12.66625946,-12.63998584,-9.745289424,-9.559825325,-9.717563601
-108,-8.530030143,-12.67482643,-12.59077477,-15.22609782,-15.39270926,-14.91338827,-12.72331217,-12.75270735,-12.70133785,-9.615251539,-9.53670911,-9.611379191
-107,-8.490528061,-12.63087045,-12.54295724,-15.17690595,-15.39351863,-14.9748611,-12.82388196,-12.82900545,-12.75253188,-9.507535445,-9.528064607,-9.468647042
-106,-8.448095092,-12.59015511,-12.49501096,-15.13869322,-15.41293979,-15.05212829,-12.91522687,-12.8948162,-12.79416557,-9.421408354,-9.520943985,-9.292702418
-105,-8.402911733,-12.55412606,-12.44641595,-15.11104143,-15.44764744,-15.14070698,-12.99637104,-12.95033097,-12.82706589,-9.352931789,-9.503113769,-9.091513729
-104,-8.355395069,-12.52354529,-12.39723889,-15.09241796,-15.49378477,-15.23656037,-13.06689135,-12.99606934,-12.85207666,-9.29618687,-9.464855609,-8.874959707
-103,-8.306093271,-12.49862534,-12.34794774,-15.08049032,-15.5473194,-15.33626292,-13.12678102,-13.03268045,-12.86989934,-9.244436262,-9.40008749,-8.652510373
-102,-8.25559094,-12.47918794,-12.29921895,-15.07242239,-15.60429129,-15.43703393,-13.17628834,-13.06077812,-12.88099816,-9.191104719,-9.306639551,-8.431797579
-101,-8.204433487,-12.4648149,-12.25177275,-15.06512231,-15.66095863,-15.53666935,-13.21576208,-13.08082679,-12.88556656,-9.130507252,-9.185742411,-8.218070482
-100,-8.153073544,-12.45497259,-12.20625443,-15.05543127,-15.71385717,-15.63340585,-13.24552576,-13.09308135,-12.88354254,-9.058288969,-9.041002315,-8.014276974
-99,-8.101838401,-12.44910178,-12.16316425,-15.04025484,-15.75979336,-15.72575048,-13.26579136,-13.09757372,-12.87465625,-8.971579775,-8.877227171,-7.821475975
-98,-8.050914997,-12.44667239,-12.12282965,-15.01664561,-15.79579424,-15.81230369,-13.27661334,-13.0941338,-12.85849382,-8.868908494,-8.69940616,-7.639356966
-97,-8.000347978,-12.44720688,-12.08540891,-14.98184919,-15.81903689,-15.89159563,-13.27787657,-13.08243066,-12.83456357,-8.749952465,-8.5120011,-7.466733826
-96,-7.950046304,-12.45027872,-12.0509148,-14.93332707,-15.82677795,-15.96194769,-13.26930884,-13.06202172,-12.80235508,-8.615209951,-8.318568404,-7.301950954
-95,-7.89979453,-12.45549231,-12.0192485,-14.86876819,-15.8163,-16.02136489,-13.250508,-13.03240014,-12.76138495,-8.46567257,-8.121645799,-7.143183935
-94,-7.849265771,-12.4624505,-11.99023638,-14.78609928,-15.78488717,-16.06746092,-13.2209753,-12.99303423,-12.71122657,-8.302550634,-7.922810866,-6.988640463
-93,-7.798034282,-12.47071457,-11.96366447,-14.68350038,-15.72983724,-16.0974169,-13.18014873,-12.94339551,-12.65152373,-8.127076629,-7.722828236,-6.836677545
-92,-7.745586469,-12.4797601,-11.93930776,-14.55942881,-15.64851294,-16.10797562,-13.12743279,-12.8829745,-12.58198935,-7.94038916,-7.521826624,-6.68585379
-91,-7.691329771,-12.48893118,-11.91695253,-14.41265125,-15.53842974,-16.09547531,-13.06222346,-12.81128561,-12.50239187,-7.743485384,-7.319471565,-6.534934623
-90,-7.634599392,-12.49739441,-11.8964107,-14.24228088,-15.39737275,-16.05592905,-12.983929,-12.7278634,-12.41253216,-7.537223642,-7.115118675,-6.382865691
-89,-7.574663251,-12.50409413,-11.87752564,-14.04781452,-15.22353059,-15.98515642,-12.89198891,-12.63225394,-12.31221451,-7.322357376,-6.907944422,-6.228726825
-88,-7.510725722,-12.5077101,-11.86016837,-13.82916406,-15.01563044,-15.87897159,-12.78589407,-12.52400564,-12.20121521,-7.0995837,-6.697057792,-6.071676515
-87,-7.441930981,-12.50661967,-11.84422296,-13.58667648,-14.77305705,-15.73342573,-12.66521165,-12.40266441,-12.07925319,-6.869593211,-6.481598446,-5.910895312
-86,-7.367366835,-12.49886733,-11.82955912,-13.32113818,-14.49593923,-15.5450913,-12.52961844,-12.26777857,-11.94596767,-6.633110693,-6.260826197,-5.745536102
-85,-7.286070046,-12.48214568,-11.81598947,-13.033761,-14.18519116,-15.31136301,-12.37894473,-12.1189185,-11.80090861,-6.390918944,-6.034204004,-5.574689523
-84,-7.197034158,-12.45379267,-11.80320861,-12.72614975,-13.84250251,-15.03073841,-12.21323,-11.95571576,-11.64354641,-6.143860143,-5.80147287,-5.397373579
-83,-7.09922083,-12.4108108,-11.79071093,-12.4002528,-13.47027816,-14.70303573,-12.03278848,-11.7779241,-11.47330718,-5.892811343,-5.562712941,-5.212556689
-82,-6.991575542,-12.34991383,-11.77768529,-12.05829877,-13.07153528,-14.32951036,-11.8382801,-11.58550217,-11.28963874,-5.638633223,-5.318381545,-5.019221967
-81,-6.873048284,-12.26760494,-11.76288675,-11.7027232,-12.64977004,-13.91284667,-11.63077882,-11.37871342,-11.09210915,-5.382094383,-5.069316878,-4.816476086
-80,-6.74261936,-12.160288,-11.74448997,-11.33608912,-12.20880792,-13.45702377,-11.41182739,-11.15823332,-10.88053467,-5.12377752,-4.816696389,-4.603697709
-79,-6.599329792,-12.02440959,-11.71993659,-10.96100478,-11.75265071,-12.96707652,-11.1834659,-10.92524925,-10.6551266,-4.86397861,-4.561942224,-4.380708459
-78,-6.442314934,-11.85662508,-11.6857995,-10.58004124,-11.28533051,-12.44878908,-10.94822127,-10.68153443,-10.4166388,-4.602615498,-4.306572401,-4.147935715
-77,-6.270838894,-11.65397815,-11.63770108,-10.19565122,-10.81077742,-11.90836362,-10.7090463,-10.42947603,-10.16649091,-4.339167135,-4.052005405,-3.90652528
-76,-6.084326432,-11.41408064,-11.57033632,-9.810090378,-10.33270425,-11.35210212,-10.4692004,-10.17203992,-9.90683903,-4.072667696,-3.799336639,-3.658358271
-75,-5.882388334,-11.1352793,-11.47765931,-9.425341102,-9.854508779,-10.7861277,-10.23206812,-9.912659649,-9.640567875,-3.801778702,-3.54911671,-3.40593468
-74,-5.664836119,-10.81679752,-11.35328165,-9.043039459,-9.379192798,-10.21615908,-10.00091586,-9.655044821,-9.371186046,-3.52495473,-3.30117193,-3.152107019
-73,-5.431682718,-10.45884222,-11.19109266,-8.664405995,-8.909296329,-9.647340721,-9.778591236,-9.402912025,-9.102617622,-3.240702827,-3.05451408,-2.899678614
-72,-5.183127449,-10.06266727,-10.98604065,-8.290182332,-8.446845752,-9.084124132,-9.567173611,-9.159648165,-8.838896215,-2.947913625,-2.807384962,-2.65091719
-71,-4.919526287,-9.63058487,-10.7349283,-7.920576998,-7.993315176,-8.530192699,-9.367590102,-8.927922045,-8.583778588,-2.646218853,-2.557466329,-2.407069613
-70,-4.641351752,-9.165915432,-10.4370134,-7.555226132,-7.549601264,-7.988422132,-9.179220986,-8.709265909,-8.340303309,-2.33631434,-2.302253953,-2.167992503
-69,-4.349150079,-8.672867089,-10.09421509,-7.193177228,-7.116012489,-7.460870282,-8.999534512,-8.503657464,-8.110326682,-2.020188232,-2.039549171,-1.93202762
-68,-4.043506016,-8.156340061,-9.710823738,-6.832906686,-6.692274465,-6.948792039,-8.823814391,-8.309147139,-7.894076688,-1.701212828,-1.767976955,-1.696235422
-67,-3.725026523,-7.621659064,-9.292764587,-6.472383664,-6.277553419,-6.452676599,-8.645069822,-8.121595614,-7.689778823,-1.384086757,-1.487419659,-1.457034358
-66,-3.394353202,-7.07424781,-8.846600866,-6.109192462,-5.870500283,-5.972305034,-8.454235561,-7.934608242,-7.493425738,-1.074635632,-1.199279303,-1.211166782
-65,-3.052208734,-6.519270745,-8.378524006,-5.740721587,-5.469318438,-5.506825693,-8.240756215,-7.739762596,-7.298778537,-0.779478873,-0.906544663,-0.9567521
-64,-2.699475228,-5.961276339,-7.893556701,-5.364418355,-5.071858946,-5.054843984,-7.993580816,-7.527201744,-7.097685808,-0.505544386,-0.613708385,-0.694075417
-63,-2.337293205,-5.403882406,-7.395120832,-4.978092863,-4.675748027,-4.614522492,-7.702466377,-7.286590035,-6.880765004,-0.25937372,-0.326605155,-0.425795832
-62,-1.967161104,-4.849547198,-6.885033735,-4.580236482,-4.278551497,-4.183688345,-7.359343926,-7.00830534,-6.638397007,-0.046134673,-0.052194633,-0.15647586
-61,-1.591009614,-4.299470181,-6.363910923,-4.170302733,-3.877978271,-3.75994818,-6.959423313,-6.684622064,-6.361858921,0.131716906,0.201792849,0.10836294
-60,-1.211225528,-3.753661086,-5.83187149,-3.748889847,-3.472117619,-3.34081647,-6.501778425,-6.310605545,-6.044328645,0.276060876,0.427536124,0.363240404
-59,-0.830607386,-3.211200553,-5.289365914,-3.31777124,-3.059691583,-2.923868022,-5.989345492,-5.884542492,-5.68151935,0.394677845,0.61835031,0.603369734
-58,-0.452249123,-2.670684904,-4.737895037,-2.879744322,-2.640286515,-2.506925562,-5.428464306,-5.407926966,-5.271864394,0.501957675,0.770583625,0.824801983
-57,-0.079364753,-2.130800845,-4.180396493,-2.438304884,-2.214512041,-2.088283827,-4.828169185,-4.885173569,-4.816383264,0.6175005,0.88602991,1.024264717
-56,0.284917468,-1.590922905,-3.62116012,-1.997193461,-1.78403088,-1.666950429,-4.199373992,-4.323230216,-4.318463762,0.761497178,0.974204894,1.199181612
-55,0.637753216,-1.051589455,-3.065276278,-1.559891184,-1.351416971,-1.242856042,-3.553985693,-3.731131007,-3.783709136,0.947326798,1.053135165,1.348369457
-54,0.976732914,-0.51471802,-2.517764219,-1.129159244,-0.919834025,-0.816964666,-2.903929633,-3.119395383,-3.219789265,1.174568434,1.146783411,1.473530623
-53,1.299953206,0.016520605,-1.982616516,-0.706716393,-0.492574643,-0.391214941,-2.260108136,-2.499164829,-2.636075899,1.427121674,1.277945732,1.580964701
-52,1.605993696,0.53815235,-1.462010475,-0.293132506,-0.072547371,0.031744021,-1.63139785,-1.88108659,-2.042868769,1.67875537,1.458461856,1.682218215
-51,1.893807501,1.046058249,-0.955895015,0.112019157,0.338169673,0.448998411,-1.023859103,-1.274117457,-1.450221126,1.903712457,1.682411744,1.792229118
-50,2.162561954,1.536663551,-0.462086146,0.509766162,0.738586529,0.857904542,-0.440348824,-0.684528382,-0.866613506,2.087399696,1.927959451,1.924578462
-49,2.411491119,2.007471791,0.023097741,0.901189184,1.128780509,1.256569784,0.119309949,-0.115396768,-0.297861815,2.232839618,2.167745241,2.085789215
-48,2.639835624,2.457298188,0.503764299,1.286888543,1.509577271,1.644127739,0.657549944,0.433216214,0.253374305,2.35997228,2.381706094,2.272510792
-47,2.846938402,2.886130423,0.983198337,1.666665728,1.882015887,2.020700799,1.177790389,0.963375341,0.787272263,2.496261498,2.565427825,2.4742563
-46,3.032532244,3.294640141,1.462810974,2.039577192,2.246783608,2.387041495,1.683003764,1.477873044,1.305756167,2.660968288,2.730153808,2.680149717
-45,3.197198547,3.683473351,1.941650884,2.404389122,2.603860406,2.743974543,2.174597229,1.978766201,1.810971095,2.852094133,2.894221926,2.884715988
-44,3.342906002,4.05253788,2.416658972,2.760288666,2.952566598,3.091875603,2.652044828,2.466404139,2.303895698,3.046617004,3.070079341,3.088388635
-43,3.473468299,4.400541356,2.883559865,3.107562031,3.292047579,3.430452131,3.113414273,2.939356753,2.783685375,3.215264159,3.255194234,3.292659832
-42,3.594712599,4.724979128,3.33803816,3.447903145,3.622013168,3.758987194,3.556509829,3.395247313,3.248037584,3.341963022,3.433823166,3.494547138
-41,3.714157369,5.022631197,3.776764488,3.784110283,3.943376784,4.076986469,3.980038249,3.832034639,3.694358494,3.436684904,3.588178842,3.686124796
-40,3.840098945,5.290452938,4.197930873,4.119163504,4.258408853,4.384928409,4.384183321,4.249044559,4.121075532,3.535332891,3.710432194,3.860139395
-39,3.980220352,5.526607596,4.601158742,4.454990582,4.570180573,4.684686742,4.770270764,4.647168699,4.528345956,3.685150246,3.808187975,4.016082352
-38,4.140108015,5.731334698,4.98687292,4.791474454,4.881405608,4.979269966,5.139695761,5.028086495,4.917722292,3.920975769,3.902420305,4.159545869
-37,4.322233081,5.907380965,5.3554248,5.126245107,5.193161503,5.271821787,5.492744037,5.392931882,5.290916194,4.246282286,4.021730982,4.294122406
-36,4.525846475,6.059823361,5.70633936,5.455460817,5.504164202,5.564251972,5.828088981,5.741226584,5.648376949,4.631445983,4.196186735,4.414887883
-35,4.747831573,6.195278135,6.038007195,5.775275817,5.811082509,5.856190458,6.143421606,6.070846942,5.988620587,5.027094604,4.448702064,4.514717161
-34,4.984078196,6.320701155,6.347947692,6.083314602,6.109851081,6.144915318,6.436995063,6.37921833,6.30888054,5.381254157,4.780892808,4.60270829
-33,5.230693298,6.442181954,6.633514257,6.379441089,6.397379518,6.42642684,6.709244496,6.665153562,6.606848102,5.654341711,5.16105126,4.716900631
-32,5.484492482,6.56419599,6.892722307,6.665429241,6.672810473,6.697190929,6.96347002,6.930264522,6.882534485,5.832695449,5.530450353,4.90853275
-31,5.742629962,6.689601053,7.12484615,6.943662101,6.937682119,6.95567677,7.2049837,7.178994789,7.139096078,5.939496862,5.831252608,5.198534342
-30,6.001698419,6.820279138,7.33056089,7.215481852,7.194883623,7.202904528,7.43897216,7.417026486,7.381957625,6.033911227,6.039612044,5.549572591
-29,6.256931869,6.957941271,7.511637845,7.48001838,7.446905453,7.441724861,7.668195136,7.648796049,7.616530539,6.185005755,6.183945211,5.89254381
-28,6.502118295,7.104480771,7.670435421,7.73406107,7.694267371,7.675202584,7.89191178,7.875540054,7.845761348,6.425357332,6.332900175,6.181535664
-27,6.730479729,7.261500139,7.809543967,7.972928581,7.934892578,7.904934284,8.106722852,8.095084776,8.068992043,6.725062047,6.54824778,6.424109991
-26,6.936296045,7.42915655,7.931847774,8.191750099,8.164607231,8.130108894,8.308746772,8.303466026,8.282810149,7.017981038,6.833428315,6.665065243
-25,7.116683875,7.604993357,8.04095889,8.386478924,8.378289141,8.347603229,8.49570781,8.497250459,8.483222409,7.252018669,7.131890212,6.938602823
-24,7.272823627,7.783605009,8.141603313,8.554332276,8.57096007,8.552768472,8.667745064,8.675104157,8.667688686,7.416697865,7.376913395,7.232434823
-23,7.41003758,7.957637154,8.23935914,8.693862251,8.738436657,8.740313485,8.826782621,8.83789758,8.835902492,7.53572269,7.538287795,7.499122251
-22,7.536423344,8.119927672,8.339393648,8.805114583,8.877690139,8.904980664,8.975296006,8.987761341,8.989290353,7.640826895,7.632141174,7.696486041
-21,7.660257493,8.265971848,8.444535549,8.890124234,8.987336256,9.042195222,9.115509549,9.127112443,9.130082105,7.751435743,7.700733224,7.81500273
-20,7.787038643,8.395659813,8.55377171,8.953460001,9.068441663,9.149043244,9.249321971,9.258300337,9.260784904,7.874095666,7.78366697,7.878075487
-19,7.917490481,8.513419116,8.662413808,9.002079553,9.125255342,9.225580957,9.378274844,9.383549842,9.384056553,8.012043481,7.90011305,7.926377529
-18,8.047606128,8.626424706,8.764365198,9.043869173,9.165030006,9.275846018,9.502695556,9.504311607,9.502190546,8.167006837,8.04825437,7.998757475
-17,8.170812947,8.741371828,8.85556852,9.085106159,9.196299638,9.307575067,9.620141614,9.619723229,9.61565066,8.332888787,8.213985737,8.115328113
-16,8.281191966,8.861226469,8.936766225,9.128230007,9.225987718,9.330035409,9.724568841,9.725233994,9.721344157,8.495466813,8.380782837,8.268887163
-15,8.376163381,8.98374609,9.013781861,9.171667666,9.256966344,9.350627901,9.807772413,9.813127135,9.812374448,8.641935196,8.537755097,8.433779654
-14,8.4573635,9.102792068,9.094685322,9.212284326,9.287956634,9.372257337,9.863112312,9.875640322,9.88048525,8.7682615,8.681667803,8.588507801
-13,8.529302481,9.211814726,9.185094974,9.248998087,9.316218132,9.393506015,9.889535344,9.909293313,9.920400877,8.876400196,8.810711805,8.729751452
-12,8.596459902,9.30754047,9.284504383,9.284897427,9.341239461,9.411765293,9.893135451,9.917661125,9.933459734,8.968334203,8.918697902,8.861876859
-11,8.660380605,9.391731057,9.386349068,9.325962715,9.366555608,9.427033396,9.884662361,9.910347531,9.927866907,9.045265478,9.000777332,8.97732477
-10,8.71852092,9.469899114,9.482065465,9.376938427,9.397973712,9.44328871,9.874043367,9.898217054,9.914801741,9.107819009,9.064152604,9.059070347
-9,8.765679423,9.547543653,9.566486162,9.437437334,9.439286776,9.466082285,9.865543904,9.887822685,9.902582547,9.151186164,9.123210819,9.10577368
-8,8.797266896,9.626104201,9.640948939,9.501694677,9.488966757,9.498146911,9.857201637,9.879093767,9.893014985,9.164624344,9.177300737,9.141845477
-7,8.812506702,9.701335969,9.711975374,9.562609881,9.540974642,9.536894511,9.844758259,9.86793775,9.88264081,9.148703636,9.203411477,9.188743168
-6,8.815627689,9.765386215,9.786225435,9.617048748,9.589423545,9.576403398,9.82643063,9.851186418,9.867447322,9.137518588,9.187538353,9.232960946
-5,8.814147562,9.811308793,9.865125864,9.668153594,9.633352409,9.612522396,9.804401703,9.829472567,9.846704694,9.187447542,9.163534433,9.245433236
-4,8.814991067,9.837083984,9.943167742,9.722583957,9.677521283,9.646712596,9.782223035,9.805923003,9.822854102,9.320356585,9.199258844,9.235503184
-3,8.820723187,9.846539287,10.01127443,9.784571294,9.728210501,9.685028829,9.761237803,9.782652008,9.798361085,9.484542219,9.320651003,9.260549089
-2,8.82847635,9.846463675,10.06271593,9.851567499,9.787222257,9.732634443,9.739987598,9.75907484,9.773327086,9.59731369,9.466260513,9.357170297
-1,8.832523967,9.841644559,10.09719215,9.915320004,9.849250807,9.7883753,9.717339708,9.733978939,9.746620882,9.623644039,9.54787032,9.478378293
0,8.828890578,9.831231763,10.12013832,9.96763534,9.905178227,9.844427199,9.695916929,9.709063073,9.719279065,9.603805587,9.54300171,9.538514669
1,8.818889598,9.809268145,10.13765988,10.00607475,9.948632631,9.89169418,9.681709051,9.68971714,9.696115937,9.60163777,9.512402777,9.512531309
2,8.809042782,9.769319803,10.15073228,10.03493322,9.980296683,9.926416533,9.679439328,9.681376502,9.682990903,9.624475696,9.523006564,9.466127166
3,8.807018184,9.710093724,10.15319027,10.06059128,10.00631469,9.952343903,9.68792223,9.684542608,9.681765942,9.61224412,9.559383581,9.476709502
4,8.81595011,9.638087185,10.13533604,10.08483541,10.03188524,9.976453893,9.700337055,9.693616275,9.688024686,9.510374373,9.53912431,9.530122883
5,8.831117433,9.564999755,10.09066,10.10171261,10.05526159,10.00153851,9.709661198,9.701256493,9.694378225,9.33429722,9.409835756,9.532092572
6,8.84174752,9.500911827,10.02089735,10.10078237,10.06743494,10.02199951,9.714208036,9.704329534,9.696529782,9.157607213,9.207330258,9.416354872
7,8.837156509,9.447572214,9.935807994,10.07426009,10.05803982,10.02679191,9.717886924,9.70568662,9.696260973,9.03796498,9.020513395,9.21096342
8,8.813489033,9.396896706,9.84741104,10.02245014,10.02272913,10.00725437,9.724655529,9.709790706,9.698219905,8.965065683,8.901584962,9.004592955
9,8.777035723,9.336281285,9.762233539,9.953285223,9.966171353,9.963451509,9.732273746,9.716099403,9.703257751,8.893841851,8.82573076,8.855783702
10,8.741906128,9.257257147,9.677168578,9.876047351,9.898145818,9.903892963,9.731640281,9.716724956,9.704765883,8.806358794,8.745942627,8.749231018
11,8.722620781,9.161853561,9.582342215,9.793760801,9.825302609,9.83839443,9.712998352,9.701230296,9.692083848,8.719254431,8.653753339,8.646262843
12,8.725349689,9.062676842,9.469057946,9.700321628,9.744891671,9.769198037,9.673896268,9.664779678,9.658494049,8.643429589,8.569482636,8.542236963
13,8.743207903,8.976218888,9.337195213,9.585073141,9.645843904,9.687554158,9.62208076,9.612752597,9.60709968,8.563378336,8.496340831,8.454540658
14,8.758739765,8.912930805,9.197060601,9.441675757,9.516872424,9.579048926,9.570282412,9.55755642,9.549429766,8.464740439,8.413348771,8.37933572
15,8.751673178,8.870380794,9.06420905,9.274992724,9.355877722,9.434018041,9.526062831,9.50922858,9.497039321,8.362211875,8.313546209,8.292239236
16,8.706971376,8.834232849,8.950129411,9.101111198,9.174256826,9.255894303,9.484393298,9.466664773,9.452015603,8.278615589,8.222807456,8.189932253
17,8.619276811,8.785963395,8.854943358,8.939711523,8.992891431,9.062065538,9.429016641,9.416467478,9.40381427,8.197979351,8.16302714,8.103701613
18,8.492668982,8.711664333,8.767355651,8.803035297,8.831423761,8.876093485,9.34140284,9.340214117,9.334826991,8.061531139,8.106758965,8.057183634
19,8.336781569,8.606816628,8.671588707,8.689022476,8.697383679,8.715310552,9.21055136,9.224382815,9.230048141,7.822217839,7.991458108,8.024935125
20,8.16144874,8.475456599,8.55597028,8.583699857,8.582964951,8.581898954,9.037773416,9.066503208,9.084171165,7.501058756,7.780748274,7.953983704
21,7.972470402,8.325300272,8.417708937,8.470495256,8.471558227,8.463877393,8.83496856,8.87505215,8.902788527,7.190593097,7.504527327,7.820083727
22,7.770462516,8.162062907,8.261855748,8.339254463,8.348333247,8.344460062,8.618596093,8.664622161,8.698598236,6.99019863,7.240508779,7.648324691
23,7.552965844,7.986273476,8.096047191,8.189424723,8.207204932,8.211980429,8.403259957,8.449907814,8.4858586,6.925263417,7.053462316,7.479858197
24,7.318068656,7.794137215,7.924722214,8.026761318,8.050715757,8.06385612,8.198276042,8.241826572,8.276353292,6.94403169,6.954357139,7.330091686
25,7.067117276,7.58131096,7.746491999,7.856855559,7.884543439,7.903651863,8.007861074,8.046811489,8.078131816,6.985611249,6.921149611,7.192885077
26,6.804914696,7.346750715,7.556028382,7.680231051,7.71127866,7.734863165,7.832700464,7.86761442,7.895732326,7.022561884,6.936538082,7.079196642
27,6.537398938,7.094107081,7.348685507,7.492228023,7.527936367,7.556458428,7.670351132,7.703337244,7.729804797,7.04710386,6.986814736,7.02547424
28,6.268275629,6.829860525,7.124476423,7.287248222,7.328578705,7.36326502,7.514318523,7.548382746,7.575783888,7.046116283,7.039735656,7.048737472
29,5.996728011,6.559360231,6.888826597,7.063917899,7.109625316,7.15039207,7.353928192,7.392246667,7.423474983,7.002477834,7.049115832,7.107915833
30,5.717676081,6.283225699,6.64967532,6.827457499,6.873800741,6.918033516,7.176833804,7.222001188,7.259481252,6.912231779,6.986357271,7.130108088
31,5.424442203,5.996415132,6.412685782,6.587588337,6.629903526,6.673047886,6.973627348,7.027054299,7.072152601,6.786390851,6.859423972,7.068275402
32,5.112265136,5.690578701,6.1775375,6.353107394,6.388314916,6.425991756,6.742004219,6.803671212,6.85650809,6.630182795,6.695721703,6.924884506
33,4.780805162,5.358287107,5.937662268,6.126475996,6.154902695,6.185218985,6.487839768,6.556521006,6.616246232,6.42589718,6.505264094,6.727044031
34,4.43449873,4.996829328,5.68354382,5.902001786,5.927278059,5.9517799,6.222070488,6.295968934,6.361380793,6.14669471,6.265980912,6.485750911
35,4.080715094,4.60978527,5.407530013,5.668844678,5.695969047,5.718609748,5.954594173,6.032115993,6.102329272,5.794503841,5.952375798,6.184825773
36,3.72667386,4.205748763,5.107558041,5.416867513,5.449713478,5.474598775,5.688526876,5.768780924,5.843571192,5.426810231,5.580466773,5.813069518
37,3.376696016,3.79478275,4.788136064,5.141899768,5.181554014,5.21088531,5.418474238,5.501194244,5.580799971,5.13594843,5.222608772,5.404630466
38,3.031228543,3.384212191,4.458308557,4.847837371,4.89245631,4.925710943,5.134049391,5.219001977,5.303510568,4.977083437,4.963243112,5.039211807
39,2.68810385,2.975830347,4.127560333,4.544794578,4.5908715,4.625458668,4.826414106,4.912680355,5.001381591,4.913161745,4.822293496,4.783415641
40,2.345216718,2.56597757,3.801529055,4.24422075,4.288572936,4.321507943,4.493993782,4.579555694,4.670632824,4.849400354,4.733883944,4.624636209
41,2.003062648,2.148381111,3.479611527,3.953286077,3.994743,4.024417036,4.144375546,4.226261062,4.31700125,4.716369338,4.611400131,4.482308259
42,1.66574336,1.718191226,3.155634494,3.671431692,3.711333245,3.738380102,3.791380944,3.866365528,3.953847695,4.518720868,4.422443937,4.286629217
43,1.339847234,1.275262903,2.821109674,3.390957666,3.43226746,3.459048813,3.448492063,3.5140622,3.596042007,4.32498276,4.209613854,4.039050161
44,1.031630395,0.825329581,2.469369741,3.101209871,3.146877014,3.175971417,3.121901945,3.176950348,3.252470278,4.210710051,4.051353256,3.809397206
45,0.743791149,0.378645335,2.098796943,2.794066406,2.845588908,2.878203727,2.807253091,2.852043539,2.921362262,4.194785872,3.991276293,3.673933664
46,0.473422095,-0.053428159,1.714046731,2.468233093,2.52509195,2.56020716,2.492197073,2.527583982,2.591421617,4.229487851,3.999342228,3.641883236
47,0.212131309,-0.462601882,1.324938371,2.13081367,2.190968312,2.225580198,2.163303618,2.189656869,2.248176178,4.251020695,4.005277936,3.646464253
48,-0.051863795,-0.84685982,0.94330502,1.795647488,1.85690432,1.88733225,1.813639812,1.830026033,1.882059341,4.231874952,3.96168098,3.607057748
49,-0.330813866,-1.211313945,0.578721633,1.478754643,1.540516633,1.564385273,1.44775146,1.451722706,1.494565603,4.193448197,3.87744092,3.491464467
50,-0.634953694,-1.56658147,0.234613922,1.192252608,1.256907037,1.275039871,1.082256631,1.070368713,1.100256688,4.179672335,3.805836859,3.333808536
51,-0.971192883,-1.92580649,-0.093684897,0.939150921,1.012384834,1.029667513,0.741440646,0.710416688,0.723630189,4.213365737,3.798982673,3.207919563
52,-1.343074224,-2.30183135,-0.418197224,0.711446157,0.801309122,0.82600592,0.448638475,0.396783567,0.391048243,4.268937222,3.859850586,3.170547915
53,-1.751679492,-2.705492074,-0.755457811,0.492280533,0.607546896,0.649470263,0.216565111,0.144718557,0.120226496,4.282729917,3.932602757,3.212650432
54,-2.196995873,-3.145200013,-1.122951526,0.260708601,0.409393972,0.47794982,0.041580966,-0.047003445,-0.087604884,4.185723382,3.935556562,3.26273064
55,-2.679232814,-3.627416766,-1.536069344,-0.003316498,0.185250906,0.28819103,-0.094785043,-0.195550815,-0.248216283,3.930491955,3.800552851,3.232611643
56,-3.199633829,-4.157445273,-2.006099812,-0.315377677,-0.08210851,0.060963595,-0.218466807,-0.326924297,-0.387615644,3.503410002,3.493578555,3.058680386
57,-3.760443244,-4.740014161,-2.539123675,-0.684791,-0.403319919,-0.21610294,-0.354282228,-0.466924743,-0.53260567,2.928324422,3.019719174,2.718343986
58,-4.363833275,-5.379269901,-3.135395478,-1.114102917,-0.781828973,-0.547683236,-0.519896498,-0.63444592,-0.703388324,2.266356346,2.422192119,2.230943099
59,-5.009707987,-6.077907589,-3.788826252,-1.599293017,-1.214221652,-0.93113339,-0.723301065,-0.838456677,-0.910004638,1.607163907,1.77663579,1.65269227
60,-5.69234085,-6.835207519,-4.486391028,-2.130323657,-1.691028348,-1.357498663,-0.962998122,-1.077955459,-1.152009719,1.041601743,1.172920204,1.064071125
61,-6.395880128,-7.643704555,-5.207609836,-2.691991025,-2.197880849,-1.812938941,-1.229827391,-1.343772897,-1.420203816,0.619141705,0.680013541,0.543228341
62,-7.089254108,-8.484255076,-5.924677651,-3.26526602,-2.717130114,-2.280607459,-1.509773362,-1.621493319,-1.699629459,0.321445012,0.311333491,0.130689568
63,-7.722577845,-9.319874155,-6.604234087,-3.829370102,-3.23005747,-2.7430337,-1.787372662,-1.895076091,-1.97339399,0.079262824,0.021673354,-0.18981102
64,-8.229944123,-10.09085644,-7.211758794,-4.364624694,-3.719593341,-3.184835823,-2.049257279,-2.150667643,-2.22678341,-0.18541652,-0.261204974,-0.476310434
65,-8.544627311,-10.71783511,-7.718525309,-4.855647496,-4.173067515,-3.595241742,-2.287097521,-2.379785227,-2.450767141,-0.527402516,-0.600128513,-0.794539376
66,-8.625451715,-11.12155059,-8.108931843,-5.293982507,-4.584203108,-3.969694041,-2.499140443,-2.580969395,-2.643861221,-0.966673541,-1.028678071,-1.191251618
67,-8.477857663,-11.25739596,-8.384500973,-5.679172375,-4.9536481,-4.310002473,-2.689941558,-2.759456187,-2.811807404,-1.487972235,-1.546031794,-1.683098253
68,-8.150800091,-11.14034372,-8.562124349,-6.017848155,-5.287884339,-4.623059231,-2.868593997,-2.925220036,-2.965438913,-2.044088546,-2.117959743,-2.254732763
69,-7.712653682,-10.83552655,-8.667720082,-6.321299501,-5.597026171,-4.918690487,-3.046286308,-3.090323019,-3.117782503,-2.563857723,-2.681666095,-2.860514162
70,-7.22683141,-10.42447214,-8.728932538,-6.602552449,-5.892359629,-5.207420519,-3.234049282,-3.266516753,-3.281459615,-2.970863145,-3.159307531,-3.431016816
71,-6.740014888,-9.976713092,-8.769881853,-6.87390207,-6.184331637,-5.498727286,-3.441193895,-3.463625092,-3.466966765,-3.212843664,-3.484374429,-3.890138877
72,-6.28139107,-9.53955477,-8.808796187,-7.145359318,-6.481302205,-5.800004717,-3.674524419,-3.688770534,-3.681887067,-3.285619319,-3.631410044,-4.183497861
73,-5.866604926,-9.140153367,-8.857815612,-7.423996591,-6.789020731,-6.116158805,-3.938154813,-3.946236973,-3.930788276,-3.231361146,-3.626500812,-4.303191242
74,-5.502246241,-8.791392414,-8.923900351,-7.713934766,-7.110616736,-6.449639434,-4.233687362,-4.237700116,-4.215504931,-3.113822271,-3.529361496,-4.288313603
75,-5.189356521,-8.497242563,-9.010062641,-8.016685292,-7.446879341,-6.800710109,-4.560553196,-4.562610722,-4.535569852,-2.992593932,-3.404702613,-4.201595557
76,-4.925799433,-8.25653612,-9.116522484,-8.331634044,-7.796657408,-7.167812983,-4.91638727,-4.918598669,-4.888654914,-2.910545701,-3.303479502,-4.103312987
77,-4.707754923,-8.065350309,-9.241646871,-8.65654286,-8.157281415,-7.547947341,-5.29737432,-5.301834738,-5.270956655,-2.892906199,-3.258059147,-4.037697461
78,-4.530627145,-7.918436551,-9.382661274,-8.988011975,-8.524961272,-7.937025281,-5.698545412,-5.707331789,-5.677509712,-2.951291828,-3.285110952,-4.031300573
79,-4.389584176,-7.81005662,-9.536169686,-9.321886339,-8.895146318,-8.330195706,-6.114029393,-6.129191769,-6.102436394,-3.088248641,-3.390380934,-4.096763621
80,-4.279872718,-7.73446526,-9.698527884,-9.653607171,-9.26284898,-8.722140618,-6.537275477,-6.56081671,-6.539152108,-3.300726684,-3.57273446,-4.237349439
81,-4.196996415,-7.686184964,-9.866108065,-9.978515451,-9.622937732,-9.107350967,-6.961267188,-6.995105839,-6.98055018,-3.582338164,-3.826912894,-4.450481927
82,-4.136811224,-7.660157923,-10.03548333,-10.29211259,-9.970402928,-9.480386728,-7.378746437,-7.424660021,-7.419188843,-3.924678712,-4.145201328,-4.730066854
83,-4.095569817,-7.651823902,-10.20355183,-10.59027963,-10.30059431,-9.836120351,-7.782460872,-7.842009996,-7.847499206,-4.318016,-4.518333965,-5.067850868
84,-4.069934218,-7.657151863,-10.36761422,-10.8694526,-10.60942412,-10.16995665,-8.165438186,-8.239876431,-8.258025627,-4.751575517,-4.93590409,-5.454122014
85,-4.056968486,-7.672641549,-10.52541407,-11.12674993,-10.89352666,-10.47801749,-8.521278829,-8.611458,-8.643699204,-5.213585004,-5.386466744,-5.877987382
86,-4.054118915,-7.695304867,-10.67514855,-11.36004826,-11.1503652,-10.75727797,-8.844445723,-8.950730111,-8.99813184,-5.691202249,-5.857472115,-6.327398478
87,-4.059186742,-7.722633569,-10.81545573,-11.56800615,-11.37828016,-11.00564316,-9.130519593,-9.252724583,-9.315905008,-6.170445787,-6.335153051,-6.78906284
88,-4.070296839,-7.752557955,-10.94538404,-11.75003928,-11.57647852,-11.22196028,-9.376385433,-9.513753794,-9.592817951,-6.636265151,-6.804504901,-7.248382452
89,-4.085864939,-7.783400356,-11.06434914,-11.90625519,-11.74497072,-11.40596904,-9.580321862,-9.731545218,-9.826058633,-7.072907509,-7.249524023,-7.689584159
90,-4.104565297,-7.813826546,-11.17208303,-12.03735881,-11.88446716,-11.55820086,-9.741980159,-9.905264776,-10.01426973,-7.46472655,-7.653880763,-8.096227821
91,-4.125300246,-7.842797704,-11.26857933,-12.14454152,-11.99624974,-11.67984312,-9.862259476,-10.03542714,-10.15749963,-7.797494052,-8.002144684,-8.452248471
92,-4.147172687,-7.869525093,-11.3540384,-12.22936543,-12.08203419,-11.77258708,-9.943102903,-10.12371199,-10.25705012,-8.060090674,-8.281510682,-8.743556333
93,-4.169462275,-7.893429119,-11.42881466,-12.29365287,-12.14383693,-11.83847643,-9.987250402,-10.17272079,-10.3152506,-8.246215256,-8.483711,-8.959970168
94,-4.191605759,-7.91410399,-11.49336804,-12.33938761,-12.18385639,-11.87977038,-9.997986683,-10.18571461,-10.33519898,-8.355596124,-8.606565043,-9.096984169
95,-4.213181726,-7.931288762,-11.54822103,-12.36863149,-12.2043746,-11.89882977,-9.978916126,-10.16637022,-10.32050922,-8.394263777,-8.65460618,-9.156756036
96,-4.233899778,-7.944845197,-11.59392204,-12.38345746,-12.20768154,-11.89803076,-9.933786315,-10.11858168,-10.27509734,-8.373768918,-8.638521518,-9.147906497
97,-4.253593997,-7.954742512,-11.63101596,-12.38589856,-12.19602155,-11.87970674,-9.866370453,-10.04632219,-10.20302569,-8.309623798,-8.573599937,-9.084171578
98,-4.272220367,-7.961048859,-11.66002289,-12.37791131,-12.17156051,-11.84611713,-9.780409531,-9.953570035,-10.1084126,-8.21946836,-8.477715272,-8.982368133
99,-4.289857689,-7.963929039,-11.68142581,-12.36135212,-12.13637132,-11.79944078,-9.679608699,-9.844293964,-9.995405298,-8.121419154,-8.369397445,-8.860268503
100,-4.306711313,-7.963647702,-11.69566866,-12.33796566,-12.09243595,-11.7417915,-9.567678542,-9.722488168,-9.86820633,-8.032842267,-8.266325988,-8.734817627
101,-4.3231189,-7.960576961,-11.70316603,-12.30938482,-12.04166255,-11.67525311,-9.448410117,-9.592244296,-9.731140455,-7.969561541,-8.184306088,-8.62084375
102,-4.339557221,-7.955206946,-11.70432547,-12.27714255,-11.98591632,-11.60193147,-9.325771578,-9.457846416,-9.588746402,-7.945368169,-8.136598857,-8.530193259
103,-4.356648921,-7.948157502,-11.69958294,-12.2426957,-11.9270629,-11.52402004,-9.204013608,-9.323874308,-9.445877283,-7.97164852,-8.133409816,-8.47113577
104,-4.375168075,-7.94018887,-11.68945036,-12.20746085,-11.86702152,-11.44387413,-9.087770281,-9.195300267,-9.307793347,-8.056962995,-8.181365637,-8.447926667
105,-4.396043352,-7.932208954,-11.67457253,-12.17286019,-11.80782393,-11.36408657,-8.982141637,-9.077564846,-9.180231532,-8.206464405,-8.282901369,-8.460545701
106,-4.420357737,-7.925274768,-11.65578815,-12.14037351,-11.75167203,-11.28755519,-8.892744269,-8.976617654,-9.069437477,-8.421143439,-8.435640114,-8.504820374
107,-4.449343902,-7.920585916,-11.63418717,-12.1115888,-11.70098441,-11.21752967,-8.825716555,-8.898910239,-8.982147151,-8.69706358,-8.632091708,-8.573335384
108,-4.484374698,-7.919468586,-11.61115484,-12.08824086,-11.65841939,-11.15762389,-8.787665485,-8.851328626,-8.925506041,-9.025033206,-8.86029879,-8.657588973
109,-4.526948614,-7.923349625,-11.58839168,-12.07222411,-11.62685996,-11.11177869,-8.785541299,-8.841052199,-8.906912908,-9.391510363,-9.106230007,-8.751561256
110,-4.578670557,-7.933721742,-11.56790019,-12.06556483,-11.60934627,-11.08416139,-8.826423352,-8.875322169,-8.933771158,-9.781661283,-9.358343357,-8.856075593
111,-4.64122881,-7.952102776,-11.55193205,-12.07033971,-11.60894306,-11.07898994,-8.917194508,-8.961095763,-9.013122956,-10.18481357,-9.613439533,-8.982358619
112,-4.716369526,-7.97999403,-11.54289579,-12.08853288,-11.62853478,-11.10027379,-9.064071728,-9.104551659,-9.151129754,-10.6006331,-9.881095725,-9.15279827
113,-4.805870442,-8.018844786,-11.54323246,-12.1218339,-11.6705494,-11.15146877,-9.271949711,-9.310401023,-9.352351532,-11.04192563,-10.18305426,-9.397492052
114,-4.911515732,-8.070031805,-11.55527575,-12.171394,-11.73662518,-11.23505301,-9.543510101,-9.58095595,-9.618776355,-11.52877486,-10.54482388,-9.745952172
115,-5.03507383,-8.134863316,-11.58112163,-12.23757795,-11.82725464,-11.35204758,-9.878070301,-9.914935413,-9.948586657,-12.06912898,-10.97797047,-10.21275027
116,-5.178279662,-8.214616006,-11.62253913,-12.31977154,-11.94146716,-11.50153545,-10.27023183,-10.30609079,-10.33476609,-12.62175046,-11.4517677,-10.77391909
117,-5.342821955,-8.310609932,-11.68095569,-12.41632538,-12.07664509,-11.68027843,-10.70859752,-10.7419714,-10.763916,-13.04728145,-11.8587974,-11.33348797
118,-5.530335172,-8.424319388,-11.75754401,-12.52472336,-12.22859795,-11.88259125,-11.17520353,-11.20356064,-11.2160891,-13.1046966,-12.01054805,-11.70538538
119,-5.742394069,-8.557507493,-11.85341773,-12.64204091,-12.39202053,-12.10067921,-11.64675674,-11.66695206,-11.66687368,-12.60665705,-11.73741086,-11.68708788
120,-5.980507295,-8.712359619,-11.96990962,-12.76568681,-12.56139973,-12.32562581,-12.09882298,-12.10816531,-12.09276437,-11.6351851,-11.0562056,-11.2382023
121,-6.24610488,-8.89157803,-12.10885982,-12.89430235,-12.73228345,-12.54905707,-12.51299832,-12.51082279,-12.47923674,-10.47895493,-10.17704134,-10.54249239
122,-6.540513572,-9.09839076,-12.27279531,-13.02855828,-12.90260855,-12.76518422,-12.88464941,-12.87379704,-12.82822772,-9.401832555,-9.338580861,-9.85076718
123,-6.864914288,-9.336425389,-12.46485426,-13.17151801,-13.07360814,-12.9725574,-13.22685948,-13.21431053,-13.16044716,-8.553356897,-8.699725387,-9.337552939
124,-7.220278171,-9.609405591,-12.68831967,-13.32829613,-13.24982982,-13.17472203,-13.56750033,-13.5639134,-13.51046318,-7.995074164,-8.334691289,-9.075316667
125,-7.607282586,-9.920646818,-12.94569062,-13.504945,-13.43806177,-13.37928108,-13.94044428,-13.95904509,-13.91685432,-7.736690003,-8.255211356,-9.050403047
126,-8.026216119,-10.27235936,-13.23734274,-13.70677585,-13.64538191,-13.5955329,-14.37474538,-14.4301209,-14.41140302,-7.752850611,-8.420638518,-9.172962834
127,-8.476891933,-10.66481758,-13.56002067,-13.93656421,-13.87691079,-13.83148156,-14.88486956,-14.99167334,-15.00935901,-7.986141181,-8.737298751,-9.296246524
128,-8.958599643,-11.09553253,-13.90566862,-14.19323845,-14.13401902,-14.09127043,-15.46290073,-15.63374352,-15.70030435,-8.349713339,-9.071402927,-9.287592628
129,-9.470132993,-11.55867557,-14.26138635,-14.47166783,-14.41368652,-14.37393392,-16.07323299,-16.31466645,-16.43924856,-8.747248916,-9.307811522,-9.133824162
130,-10.00992668,-12.04511634,-14.6113609,-14.76394569,-14.7094038,-14.67389944,-16.65251148,-16.9589099,-17.14196792,-9.118504997,-9.435847332,-8.963999544
131,-10.57631164,-12.54346258,-14.94101467,-15.06193141,-15.01334135,-14.98290484,-17.12009024,-17.46852442,-17.6959589,-9.482079976,-9.568585959,-8.957578946
132,-11.16784715,-13.04225241,-15.24206241,-15.35978578,-15.3185231,-15.29198452,-17.40088147,-17.75376764,-17.99716922,-9.929144317,-9.867677806,-9.252360107
133,-11.78361484,-13.53283056,-15.51546173,-15.65440126,-15.61898591,-15.59148333,-17.45062752,-17.76928298,-17.99702666,-10.57146174,-10.4606975,-9.908142328
134,-12.42328559,-14.01164808,-15.76922227,-15.94202752,-15.90641263,-15.86778081,-17.26759055,-17.52804522,-17.71972388,-11.48766018,-11.39890233,-10.88991893
135,-13.0867406,-14.48040872,-16.01064809,-16.21161481,-16.16416494,-16.09829662,-16.88816974,-17.08708362,-17.23890908,-12.68388287,-12.62664458,-12.04408031
136,-13.77309321,-14.94326618,-16.23634148,-16.43894996,-16.36347844,-16.25051544,-16.37708078,-16.52621522,-16.64611316,-14.05358174,-13.94245868,-13.11682081
137,-14.47916693,-15.40199528,-16.4261704,-16.58885555,-16.46934917,-16.29241344,-15.81646441,-15.93292042,-16.03258266,-15.34915459,-15.02941319,-13.91713578
138,-15.19786162,-15.85181786,-16.54834153,-16.63137788,-16.45992054,-16.21447367,-15.29127093,-15.38988396,-15.47910975,-16.27278285,-15.68896607,-14.50946941
139,-15.91734791,-16.28143131,-16.57873487,-16.56666053,-16.34955339,-16.04840749,-14.87279476,-14.96241932,-15.04655623,-16.73936077,-16.05865801,-15.13425774
140,-16.62243233,-16.67979618,-16.52531386,-16.43890649,-16.19520373,-15.86401594,-14.60534896,-14.68778326,-14.76699997,-16.98333641,-16.45129088,-15.99485879
141,-17.29912091,-17.04827849,-16.43765104,-16.32481578,-16.07819032,-15.74502543,-14.4976684,-14.56782632,-14.63722245,-17.34075728,-17.11147256,-17.18206714
142,-17.9416484,-17.41112554,-16.39170057,-16.30549601,-16.07561511,-15.76159594,-14.51901786,-14.56645757,-14.61730442,-18.03826801,-18.12258196,-18.62364392
143,-18.55844817,-17.81588774,-16.46187923,-16.44040461,-16.23735691,-15.95080731,-14.60497748,-14.61833954,-14.64172881,-19.00923067,-19.20511331,-19.75064851
144,-19.17218391,-18.3217072,-16.69653627,-16.74982364,-16.57084671,-16.30353916,-14.68343228,-14.65815904,-14.65102629,-19.52265273,-19.39132998,-19.38582794
145,-19.81115052,-18.98014442,-17.10019171,-17.20245881,-17.03027345,-16.75626756,-14.71995546,-14.66444198,-14.63381292,-18.62532312,-18.12300988,-17.67833597
146,-20.49314384,-19.81199404,-17.61999301,-17.71145501,-17.51790308,-17.20144473,-14.75070357,-14.68390485,-14.6444494,-16.93613884,-16.47029634,-16.03844393
147,-21.20490446,-20.77842452,-18.14624634,-18.16077668,-17.92239978,-17.54127786,-14.86850931,-14.81038593,-14.77709128,-15.62638057,-15.40936874,-15.18695097
148,-21.88268677,-21.75224355,-18.55675929,-18.47986167,-18.19994239,-17.76961259,-15.17584433,-15.13876871,-15.12063148,-15.17777887,-15.249098,-15.26407117
149,-22.40985037,-22.53422368,-18.80885285,-18.71608241,-18.42906169,-17.99834958,-15.74297179,-15.72761794,-15.72443207,-15.65351732,-15.9481786,-16.08025263
150,-22.65870913,-22.97914159,-18.99220657,-19.01778945,-18.77010812,-18.39398907,-16.58432459,-16.57853061,-16.5796827,-16.77327213,-17.02647474,-16.92319551
151,-22.57060093,-23.13486077,-19.26831269,-19.54717109,-19.37839093,-19.09764399,-17.64928009,-17.63035279,-17.61653645,-17.62637988,-17.4485168,-16.87404132
152,-22.19250661,-23.17221094,-19.76286821,-20.40490585,-20.34146451,-20.17564084,-18.84210404,-18.78707526,-18.73862393,-17.39585385,-16.96657264,-16.2490491
153,-21.62160497,-23.18159533,-20.48218473,-21.57222517,-21.62728129,-21.5713763,-20.10312651,-20.00394712,-19.91206767,-16.87058421,-16.64441427,-15.94482913
154,-20.9340803,-23.06667481,-21.24478165,-22.83575172,-23.01209516,-23.04297424,-21.51674309,-21.37540614,-21.23576465,-17.09073858,-17.14177514,-16.02918102
155,-20.16968011,-22.62622672,-21.69672892,-23.7970522,-24.10854796,-24.23912443,-23.30100904,-23.07697314,-22.84753812,-18.23702933,-18.02445189,-15.71798262
156,-19.35814435,-21.79912891,-21.61166889,-24.23757908,-24.74899183,-25.10349933,-25.49592062,-24.99374329,-24.52977995,-19.20604743,-17.70196767,-14.57949331
157,-18.54471001,-20.77753272,-21.19326411,-24.45315276,-25.27878991,-26.06823618,-26.93682888,-25.91253227,-25.12518817,-18.27448834,-16.04627839,-13.35786518
158,-17.79230758,-19.82547087,-20.82048681,-24.87647957,-26.14170611,-27.60301071,-25.7627665,-24.69996194,-23.93706554,-16.54399138,-14.60935624,-12.70361433
159,-17.16671794,-19.10690685,-20.6921029,-25.58065186,-27.30028845,-29.42327479,-23.5736415,-22.8404708,-22.3029355,-15.40335399,-13.93140577,-12.65192147
160,-16.72114038,-18.66267526,-20.74853476,-26.00525442,-27.6966081,-29.29664696,-22.02042102,-21.56292237,-21.21598046,-14.87149039,-13.75995038,-12.84695321
161,-16.48775003,-18.43929262,-20.72457149,-25.33155418,-26.33781335,-26.79249879,-21.3351124,-21.05968385,-20.83951722,-14.48675078,-13.64622399,-12.93157414
162,-16.47375924,-18.31911927,-20.35392698,-23.82724175,-24.33494709,-24.40483603,-21.32189308,-21.14097324,-20.98046066,-14.03056264,-13.47676942,-12.99077176
163,-16.65694216,-18.16825162,-19.66048581,-22.37610337,-22.76569147,-22.88746951,-21.55414151,-21.37252935,-21.19803485,-13.78363419,-13.55501561,-13.34444751
164,-16.9784808,-17.9091614,-18.91500018,-21.3737443,-21.82547817,-22.12327868,-21.47305065,-21.23428671,-21.01087374,-14.04991336,-14.07202006,-13.98142545
165,-17.33830247,-17.5624502,-18.34286928,-20.79971149,-21.34886846,-21.79584588,-20.89288056,-20.63584589,-20.40148205,-14.69723955,-14.712254,-14.43105939
166,-17.6094934,-17.20702518,-17.99552316,-20.4411972,-21.03051583,-21.50254778,-20.18741567,-19.97174387,-19.77034555,-15.10351106,-14.89896803,-14.45683343
167,-17.68798589,-16.90604188,-17.77812948,-20.04507157,-20.58783866,-20.96753055,-19.72741396,-19.56132661,-19.39452771,-14.96128297,-14.764405,-14.57528853
168,-17.55304938,-16.66947579,-17.53784365,-19.50494237,-19.9761954,-20.26921495,-19.56017625,-19.40374822,-19.23823272,-14.88430385,-15.0120656,-15.26059339
169,-17.27475931,-16.46618136,-17.19080956,-18.9319185,-19.38322925,-19.67981434,-19.45909151,-19.25865656,-19.05667514,-15.45123226,-15.90001088,-16.25495667
170,-16.9587428,-16.2636188,-16.79353389,-18.50382568,-18.99717247,-19.36773072,-19.14935753,-18.89528429,-18.65745376,-16.50192079,-16.84231595,-16.71698003
171,-16.68918461,-16.06259359,-16.47471366,-18.30281059,-18.85698058,-19.29934219,-18.62273607,-18.3639693,-18.1294061,-17.12574068,-17.03296705,-16.69614343
172,-16.50649462,-15.89810038,-16.31990474,-18.26885965,-18.84259853,-19.27958229,-18.13686308,-17.92175717,-17.72186772,-17.03573485,-17.0350351,-17.23296639
173,-16.40945374,-15.80894798,-16.31668983,-18.24455022,-18.76312139,-19.10566937,-17.92028772,-17.75610447,-17.58989854,-17.30048686,-17.9392007,-18.77663556
174,-16.36655297,-15.80632237,-16.37008063,-18.10321478,-18.53042441,-18.7747087,-18.00747866,-17.86188879,-17.70025456,-18.74278046,-19.98771899,-20.19923794
175,-16.33309001,-15.86564416,-16.37753741,-17.87564534,-18.25347921,-18.48295876,-18.23997137,-18.0640297,-17.87107019,-21.06021462,-21.48965503,-19.65910191
176,-16.27397628,-15.9473888,-16.3235408,-17.71630236,-18.11999018,-18.42157219,-18.3824875,-18.15642257,-17.92539331,-21.76306933,-20.51949226,-18.62282691
177,-16.18401948,-16.03380466,-16.29666723,-17.75756926,-18.2338248,-18.63509481,-18.35318678,-18.11406155,-17.87869554,-20.44852893,-19.40043919,-18.4551975
178,-16.09114798,-16.15039509,-16.40691064,-18.01274732,-18.5479113,-18.9952398,-18.31858535,-18.12054004,-17.9185887,-19.68818437,-19.25394061,-18.71565341
179,-16.03844752,-16.34921298,-16.69476342,-18.36293053,-18.88556781,-19.2738382,-18.50264588,-18.36706598,-18.20685605,-19.77642842,-19.37157671,-18.45186635
180,-16.05767207,-16.66753774,-17.09408498,-18.63379834,-19.07262878,-19.34708538,-18.9867584,-18.88999015,-18.74550543,-19.78448321,-18.97572728,-17.85698287
